{"initial_reset_timestamp": 1622326427.819299, "timestamps": [1622326434.940801], "episode_lengths": [200], "episode_rewards": [-4672.47134109902], "episode_types": ["t"]}